Actual,Predicted
97.27,114.45519999999992
144.4,133.20679999999993
111.47,135.2126999999999
123.23,134.20249999999984
